  Automotive Engineering MSc	University of Huddersfield	School of Computing and Engineering	Full time	The growth of the UK automotive sector and the transition to the next generation of vehicles will require people with new skills and a substantial upskilling of the existing workforce.
Automotive engineering is generally at the forefront of development. The concept of a driverless vehicle is now a reality and it is only public confidence and an adequate infrastructure that prevents it being introduced within the public domain. Although an exciting topic, globally it is a highly competitive industry where engineers require a sound understanding of engineering principles.	September, January	Band 2 
UK fees : 
Please see the university website for further information on fees for this course.
 
International fees : 
Please see the university website for further information on fees for this course.	MSc	1 year full-time	Huddersfield	On Campus	United Kingdom	https://www.findamasters.com/masters-degrees/course/automotive-engineering-msc/?i314d1148c12457