  Banking Innovation and Risk Analytics MSc	University of Edinburgh	Business School	Full time	Programme description
Our MSc in Banking Innovation and Risk Analytics will provide you with a strong foundation in analytical and programming skills applied to risk management and in general to the banking and financial sectors. It will also deliver advanced knowledge of a range of banking innovations and technologies.
Accreditation
The Business School maintains good relationships with a number of professional bodies including the Chartered Banker Institute (CBI).
MSc Banking Innovation and Risk Analytics accreditation
Programme structure
Learning will primarily be through:	September	Tuition fees vary between degree programmes. Find the specific fees for your chosen programme on our website	MSc	1 year full-time	Edinburgh	On Campus	United Kingdom	https://www.findamasters.com/masters-degrees/course/banking-innovation-and-risk-analytics-msc/?i300d3321c25219