  Biological Sciences (M.A., M.S.)	St. Cloud State University	Postgraduate Programs	Full time	You will gain in-depth knowledge and skills in your chosen discipline while being introduced to a breadth of topics at the cutting edge of biology. 
You will have access to a variety of laboratories with state-of-the-art equipment. Our programs prepare students for career placement in academic research, industry, medical professions, natural resource management, teaching and more.	See Course	$7,385* per year (resident rate) 
$447.60 per credit 
$55.13 student fees 
$72.10 Health fee 
 
*Tuition & fees effective 2020-2021 academic year, and are subject to the annual update	MA MSc	2 years	St Cloud	On Campus	USA	https://www.findamasters.com/masters-degrees/course/biological-sciences-m-a-m-s/?i2063d7136c58165