  Animal Breeding and Genetics MSc, PgDip	University of Edinburgh	School of Biological Sciences	Full time	Programme description
We offer a suite of programmes to deliver the knowledge and skills required to:
apply quantitative genetic theory to practical problems in both the biomedical and animal science industries.
undertake research in a wide range of fields such as evolutionary genetics, animal breeding, human genetics and genome analysis
All our programmes offer the same core content, but you can tailor your degree to reflect your interests.
This programme is specifically for those interested in the application of quantitative genetics to animal breeding. If you are interested in other applications you could consider our alternative programmes in:	September	Tuition fees vary between degree programmes. Find the specific fees for your chosen programme on our website	MSc PGDip	MSc: 1 year full-time, 2 years part-time; PgDip: 9 months full-time	Edinburgh	On Campus	United Kingdom	https://www.findamasters.com/masters-degrees/course/animal-breeding-and-genetics-msc-pgdip/?i300d4443c24325