  Applied Meteorology and Climate	University of Reading	Department of Meteorology and Climate	Full time	Apply for this programme
Develop expertise in atmospheric physics, forecasting, and meteorological and climate data analysis on our MSc Applied Meteorology and Climate.
This course will prepare you for a career in meteorology-related science and research, with a focus on the use and interpretation of meteorological data and forecasts. Whether you want to 
find new ways to study our natural world
, 
mitigate the economic impact of hazardous weather
, or even look further afield and 
forecast space weather
 – or focus your efforts elsewhere within meteorology and climate science – we will help you develop the practical and analytical skills you need.	September	New UK/Republic of Ireland students: £12,550 
 
New international students: £26,950	MSc	1 year full time, 2 years part time	Reading	On Campus	United Kingdom	https://www.findamasters.com/masters-degrees/course/applied-meteorology-and-climate/?i345d6826c33931