  Fashion Business & Management - MA/MSc	University for the Creative Arts	Business School for the Creative Industries	Full time	If you are seeking a high-level career in management in the fashion industry, then our dynamic MA/MSc Fashion Business & Management course at UCA Epsom is an ideal way to get there.
This globally-focused and innovative course brings creative thinking and innovation to the forefront of fashion management and is based at our Business School for the Creative Industries. Here, you will build a portfolio of skills and knowledge that will give you a strong grounding in both fashion business practices, and the application of innovative thinking in a commercial context.
This course builds on the success of UCA's undergraduate business courses and provides a learning environment in which you can develop both creative and strategic skills in fashion business, management and marketing.	September	UK students: 
Integrated Pre-Masters course - £10,500 
MA/MSc course - £10,500 
 
EU students: 
Integrated International Pre-Masters course - £10,500 (see fee discount information) 
MA/MSc course - £10,500 (see fee discount information)	MA MSc	1 year full time	Farnham	On Campus	United Kingdom	https://www.findamasters.com/masters-degrees/course/fashion-business-and-management-ma-msc/?i276d6031c43391