  Applied Statistics (on campus) MSc	University of Strathclyde	Department of Mathematics and Statistics	Full time	Our 
MSc in Applied Statistics
 is a conversion course, offering the opportunity to develop skills in statistics and data analysis even if you have never studied statistics before. You will be supported by members of staff who work directly with industry to develop skills which are relevant to current areas of research including population health and medicine, animal and plant health, finance and business. We also offer an 
online MSc Applied Statistics
, which can be studied part-time over 24 or 36 months.
Students will gain skills in:	September	Please see the university website for further information on fees for this course.	MSc	12 Months	Glasgow	On Campus	United Kingdom	https://www.findamasters.com/masters-degrees/course/applied-statistics-on-campus-msc/?i353d6511c52294