  Architectural Engineering - Master of Science (MS)	University of Colorado Boulder	College of Engineering	Full time	Graduate studies in architectural engineering are offered through the Department of Civil, Environmental and Architectural Engineering. The department offers a Master of Science degree with study emphases in several major areas:
building systems engineering
construction engineering and management
global engineering
For more information, visit the department's 
Graduate Studies
 webpage.
Requirements
For a Master of Science (MS) degree in architectural engineering, students may undertake Plan I (with a thesis) or Plan II (with a project).	See Course	Please see the university website for further information on fees for this course.	MSc	Please view website	Boulder	On Campus	USA	https://www.findamasters.com/masters-degrees/course/architectural-engineering-master-of-science-ms/?i512d8310c59186