  Big Data and High Performance Computing MSc	University of Liverpool	Department of Computer Science	Full time	Gain hands-on experience of big data analytics, data mining and visualisation techniques using high-performance computer technology. This MSc is accredited by BCS, the Chartered Institute for IT, and enables you to develop IT solutions to big data problems in a sector with a significant skills shortage.
INTRODUCTION
Big data is increasingly important in the contemporary business and IT world. For many public and private enterprises, analysis of large-scale data sets is critical to growth.
This MSc will prepare you for employment in an IT industry where big data professionals are in high demand.	September	UK fees (applies to Channel Islands, Isle of Man and Republic of Ireland) 
Full-time place, per year - £12,100 
Part-time place, per year - £6,050 
 
International fees 
Full-time place, per year - £26,350 
Part-time place, per year - £13,175	MSc	1 year full time, 2 years part time	Liverpool	On Campus	United Kingdom	https://www.findamasters.com/masters-degrees/course/big-data-and-high-performance-computing-msc/?i326d913c40682