  Bioinformatics MSc	University of Liverpool	Department of Life Sciences	Full time	Life sciences and technology are an integral part of the global economy. Our Bioinformatics MSc has been designed with input from major industry players to meet the current and emerging skill gaps for professional bioinformaticians.
INTRODUCTION
This course will equip you with the background in biology, statistical analysis, and computing skills necessary to work with modern biological data from genomic, proteomic and metabolomic studies.
You’ll be trained with an emphasis on hands-on practical experience, so that you can tackle your research project with confidence.	September	UK fees (applies to Channel Islands, Isle of Man and Republic of Ireland) 
Full-time place, per year - £11,900 
Part-time place, per year - £5,950 
 
International fees 
Full-time place, per year - £24,750 
Part-time place, per year - £12,375	MSc	1 year full time, 2 years part time	Liverpool	On Campus	United Kingdom	https://www.findamasters.com/masters-degrees/course/bioinformatics-msc/?i326d6868c64606