  Banking and Finance MSc	Middlesex University	Faculty of Business and Law	Full time	The banking and finance industry has become a major end-user and even a major driver of technological innovation, such as machine learning, big data analysis and algorithm trading. This course uniquely combines theory and applications of finance, economics, quantitative methods, and big data analysis to allow you to increase your career opportunities in this fast paced field.	October	UK students 
Full-time students: £12,700 
Part-time students: £85 per credit 
Part-time students: £42 per dissertation credit 
 
EU/International students 
Full-time students: £16,800 
Part-time students: £112 per credit 
Part-time students: £56 per dissertation credit	MSc	1 year full-time; 2 years part-time	London	On Campus	United Kingdom	https://www.findamasters.com/masters-degrees/course/banking-and-finance-msc/?i166d8738c31037