  Applied Meteorology and Climate with Management	University of Reading	Department of Meteorology and Climate	Full time	Combine the study of meteorology and climate science with management training on our MSc Applied Meteorology and Climate with Management.
This course will provide you the scientific background for improved understanding of meteorology and climate. It will also prepare you for current – or future – managerial responsibilities, with a significant course focus on the management of people and organisations.
Whether you want to 
mitigate the economic impact of hazardous weather events
, look further afield and 
forecast space weather
, or focus your efforts elsewhere within meteorology’s broad spectrum, we will help you develop the scientific and managerial skills you need.	September	New UK/Republic of Ireland students: £12,550 
 
New international students: £26,950	MSc	1 year full time	Reading	On Campus	United Kingdom	https://www.findamasters.com/masters-degrees/course/applied-meteorology-and-climate-with-management/?i345d6826c33932