  Applied Environmental Hydrogeology MSc	University of Edinburgh	School of GeoSciences	Full time	Programme description
Become part of the next generation of sustainable hydrogeologists who will oversee and manage the global water crisis in the coming decades.
Groundwater resources are under threat around the globe from:
over-exploitation
anthropogenic contamination
climate change
land-use change
These threats put human and ecosystem health at risk by increasing the likelihood of water scarcity, water conflict, and water-related diseases.
Our MSc Applied Environmental Hydrogeology will develop your skills to tackle these challenges and sustainably manage groundwater resources to protect human and ecosystem health.	September	Tuition fees vary between degree programmes. Find the specific fees for your chosen programme on our website.	MSc	1 year full-time or 2 years part-time	Edinburgh	On Campus	United Kingdom	https://www.findamasters.com/masters-degrees/course/applied-environmental-hydrogeology-msc/?i300d4273c62858