  Big Data Analytics (MSc)	Sheffield Hallam University	Postgraduate Courses	Full time	Develop skills in big data technologies, analytics and industry-standard software to work at the forefront of this rapidly expanding industry.
Course summary
Learn to use industry-leading software including SAS, R, Python and the Apache HaDoop Ecosystem
Obtain knowledge of data storage, data mining and statistical modelling techniques
Study aspects related to the distribution and integration of data
Gain up to twelve months real-world experience through the two-year work experience route
This course has been developed in consultation with industry to produce graduates equipped to work with the large amounts of data now common to many businesses.	September, January	Our tuition fee for UK students starting full-time study in 2023/24 is £9,910 for the course without a placement. Or £11,410 with a placement. 
 
Please see the university website for further information on fees for this course.	MSc	1-2 years full time	Sheffield	On Campus	United Kingdom	https://www.findamasters.com/masters-degrees/course/big-data-analytics-msc/?i219d2021c29797