  Applied Poultry Science (Online Learning) MSc, PgDip, PgCert, PgProfDev	University of Edinburgh	Royal (Dick) School of Veterinary Studies	Part time	Programme description
This programme offers a unique, research-led opportunity to study the different aspects of applied poultry science and aims to equip current and future professionals with skills, knowledge and understanding to address local and global challenges in sustainable poultry production. It is designed to suit those in continuing employment or with other commitments.
Participants typically come from a wide range of backgrounds who wish to develop their career and businesses, including:
nutritionists
breeders
vets
other poultry sector workers
Online learning
Our online, intermittent programme of study has two elements:
taught
research project/dissertation
Online, flexible	See Course	Tuition fees vary between degree programmes. Find the specific fees for your chosen programme on our website.	MSc PGDip PGCert Other	MSc: 3-6 years; PgDip: 2-4 years; PgCert: 1-2 years; PgProfDev: 2 years	Edinburgh	Online	United Kingdom	https://www.findamasters.com/masters-degrees/course/applied-poultry-science-online-learning-msc-pgdip-pgcert-pgprofdev/?i300d7788c52604