  Aviation Digital Technology Management (MSc)	Cranfield University	Transport Systems	Full time	Explore Sustainable Aviation at Cranfield University
You can help solve the challenge as the aviation industry is looking to universities to provide graduates with the relevant skills to solve problems across the sector. A Cranfield MSc can help you develop these skills in a focussed postgraduate study environment.
Be part of this exciting future. 
Register now for our sustainable aircraft webinar series.
Study at Cranfield University
Increasingly more intelligent aircraft are being introduced and point to the future of electric and hydrogen powered aircraft, autonomous flying taxis and space commercialisation. As more intelligent and conscious aircraft enters service, aircraft and support systems are also becoming more intelligent.	October	Please see the university website for further information on fees for this course.	MSc	1 Year	Bedford	On Campus	United Kingdom	https://www.findamasters.com/masters-degrees/course/aviation-digital-technology-management-msc/?i50d6724c67240