  Applied Sport Physiology MSc (PGCert PGDip)	University of Brighton	School of Sport and Health Sciences	Full time	This course is for you if you know you want to work in the world of sport and performance and are looking for a deeper understanding of applied sport physiology.
Our Applied Sport Physiology MSc is designed around four pillars:
practitioner focused
physiology skill-centred
science in practice
personal and professional development.
All your modules can have a sport physiology focus and option modules will enable you to study an area of interest in greater depth.
Our teaching laboratories are accredited by the British Association of Sport and Exercise Sciences (BASES).	September	Please see the university website for further information on fees for this course.	PGDip MSc PGCert	Full-time 1 year; Part-time 2–6 years	Brighton	On Campus	United Kingdom	https://www.findamasters.com/masters-degrees/course/applied-sport-physiology-msc-pgcert-pgdip/?i286d1653c33082