  Applied and Computational Mathematics MS	Rochester Institute of Technology USA	Masters Programs	Full time	An applied and computational mathematics master’s degree that is designed for you to create innovative computing solutions, mathematical models, and dynamic systems to solve problems in industries such as engineering, biology, and more.
92% Outcome Rate of RIT Graduates from this degree 
$87.6K Average First-Year Salary of RIT Graduates from this degree
30% Merit scholarship
 Average award given to accepted students
Co-op/Internship Encouraged
STEM-OPT Visa	See Course	Please see the university website for further information on fees for this course.	MSc	See website for details	Rochester	On Campus	USA	https://www.findamasters.com/masters-degrees/course/applied-and-computational-mathematics-ms/?i693d7481c44170