  Astrophysical Sciences and Technology MS	Rochester Institute of Technology USA	Masters Programs	Full time	A master’s in astrophysics that explores the depths of the universe through multidisciplinary research. Dive into an area that most interests you, whether it’s general relativity, theoretical astrophysics, observational or instrumentation development, or another area related to astrophysics.
Co-op/Internship Encouraged
STEM-OPT Visa Eligible
100% Outcome Rate of RIT Graduates from this degree 
30% Merit scholarship 
Average award given to accepted students	See Course	Please see the university website for further information on fees for this course.	MSc	See website for details	Rochester	On Campus	USA	https://www.findamasters.com/masters-degrees/course/astrophysical-sciences-and-technology-ms/?i693d7481c44172