  Audio Engineering - MSc	University of Hertfordshire	School of Creative Arts	Full time	Why choose Herts?
Excellent reputation: Ranked 1st as best creative media and entertainment school in the UK (Rookies, 2021)
Teaching excellence: Delivered by Bruce Aisher, a music producer, songwriter, composer, remixer, sound designer and technology journalist with featured work in over 100 commercially released tracks (including a US Billboard Club Chart No.1) and on TV programmes such as ‘CSI’ and 'Top Gear', and products by Apple, Clavia, and Native Instruments.
Employment prospects: Graduates work as exciting composers, producers, technician managers, technical editors, and sound engineers for organisations such as Apple, Channel 4, and Creative Assembly.	See Course	UK Students 
Full time: £9750 for the 2022/2023 academic year 
Part time: £810 per 15 credits for the 2022/2023 academic year 
 
EU/International Students 
Full time: £14750 for the 2022/2023 academic year 
Part time: £1230 per 15 credits for the 2022/2023 academic year	MSc	1 year full-time, 2 years part-time	Hatfield	On Campus	United Kingdom	https://www.findamasters.com/masters-degrees/course/audio-engineering-msc/?i313d4924c8140