  Artificial Intelligence MSc	University of Huddersfield	School of Computing and Engineering	Full time	In the UK, we have seen a huge expansion in artificial intelligence (AI) during the last decade, showcasing that the UK economy is aiming to use AI to position itself at the forefront of the revolution. Data shows that the AI sector is worth over £15.6bn and employs more than 35,000 people. This means that AI has rapidly become a medium-sized sector in the UK economy and has the potential to participate in other sectors’ growth.
Demand for AI talent in AI techniques, such as machine learning, is increasing rapidly. Action is needed now to ensure the skills pipeline can meet the needs of industry now and in the future. This course will aim to develop your knowledge and understanding to an advanced level across a range of areas including:	September, January	Band 2 
UK fees : 
Please see the university website for further information on fees for this course.
 
International fees : 
Please see the university website for further information on fees for this course.	MSc	1 year full-time	Huddersfield	On Campus	United Kingdom	https://www.findamasters.com/masters-degrees/course/artificial-intelligence-msc/?i314d1148c55368