  Applications of Psychology - MSc	University of Suffolk	School of Social Sciences and Humanities	Full time	Introduction
For those who are eager to expand their knowledge of psychology further, this course is ideal. With a number of roles in vocational psychology now requiring doctorate training, this course provides the opportunity for students to gain experience and knowledge that will make them more appealing candidates for professional training programmes.
Course modules
These can be view on our website.	September	UK full-time tuition fee: £8,748 p.a 
UK part-time tuition fee: £972 per 20 credits (please contact the Student Centre for further information) 
International full-time tuition fee: £13,995 p.a	MSc	1 year full-time, 2-3 years part-time	Ipswich	On Campus	United Kingdom	https://www.findamasters.com/masters-degrees/course/applications-of-psychology-msc/?i954d6101c57143