  Applied Statistics MSc	University of Southampton	Faculty of Social Sciences	Full time	MSc Applied Statistics provides postgraduate instruction in the theory and methods of applied statistics. The programme is for students whose interests lie in the theory and application of statistical methods, and in methods for designing, collecting and analysing large–scale data.
You will benefit from the cutting-edge research conducted in the research centres in which professors from our department hold leading positions: the Southampton Statistical Sciences Research Institute and the ESRC National Centre for Research Methods. Our main areas of expertise include sampling, small-area estimation, census and administrative data and the analysis of 'big data'.
Flexible study
If you prefer, you can apply to study this course as:	September	A variety of scholarships, grants and bursaries may be available to help you fund your study, both from the University and from other organisations. 
 
Please see the university website for further information on fees for this course.	MSc	1 Year Full Time / 2 Years Part Time	Southampton	On Campus	United Kingdom	https://www.findamasters.com/masters-degrees/course/applied-statistics-msc/?i349d6917c4002