  Artificial Intelligence and Robotics (placement option available) - MSc	University of Hertfordshire	School of Physics, Engineering and Computer Science	Full time	Why choose Herts?
Industry Accreditation: Accredited by the British Computer Society (BCS) enabling graduates to register at The Chartered Institute for IT as a Chartered IT Professional.
Teaching Excellence: Our academics research in Computer Science and Informatics has been rated world-leading or internationally excellent in the Research Excellence Framework (REF).
Work Placement Opportunities: You have a one-year industry placement option enabling you to gain real-world industrial experience. Students on this course have had placements with Microsoft, Hewlett Packard, and Ocado.
Professional Accreditations
The former version of this programme was accredited by BCS under the award title MSc Artificial Intelligence with Robotics as below.	See Course	UK Students 
Full time: £9450 for 2022/2023 and 2023/2024 inclusive 
 
EU/International Students 
Full time: £16500 for 2022/2023 and 2023/2024 inclusive	MSc	2 years full time (sandwich course)	Hatfield	On Campus	United Kingdom	https://www.findamasters.com/masters-degrees/course/artificial-intelligence-and-robotics-placement-option-available-msc/?i313d64c61781