  Astrophysics - MSc	University of Hertfordshire	School of Physics, Engineering and Computer Science	Full time	Why choose Herts?
Cutting edge research: study and research cutting edge astrophysics in Hertfordshire’s internationally renowned Centre for Astrophysics Research.
Bayfordbury Observatory: train as an astrophysicist in one of the best equipped teaching observatories in the UK.
Specialist modules: study a broad astrophysics curriculum, with a wide range of specialist option modules.
About the course
You’ll develop a thorough grounding in fundamental physics while exploring cutting edge topics about the Universe, its constituents and structure, and humanity’s place within it.	See Course	UK Students 
Full time: £9750 for the 2022/2023 academic year 
Part time: £810 per 15 credits for the 2022/2023 academic year 
 
EU/International Students 
Full time: £14750 for the 2022/2023 academic year 
Part time: £1230 per 15 credits for the 2022/2023 academic year	MSc	1 year full time, 2 years part time	Hatfield	On Campus	United Kingdom	https://www.findamasters.com/masters-degrees/course/astrophysics-msc/?i313d64c65482