  Archaeology MSc	University of Edinburgh	School of History, Classics & Archaeology	Full time	Programme description
This programme is taught by experts and specialists in fields such as:
European archaeology
Mediterranean archaeology
science-based archaeology
theoretical archaeology
It offers a range of courses and allows you to tailor your studies to suit your interests and take advantage of the experience of our staff, and those in related programmes in history, classics and geography. You will develop an in-depth understanding of archaeological methods and theories, their links with the historical, social and natural sciences, and aspects of archaeological practice.
The programme prepares you for a professional role in archaeology or further study at doctoral level.	September	Tuition fees vary between degree programmes. Find the specific fees for your chosen programme on our website	MSc	1 year full-time or 2 years part-time	Edinburgh	On Campus	United Kingdom	https://www.findamasters.com/masters-degrees/course/archaeology-msc/?i300d1349c22284