  Finance, Technology and Policy MSc	University of Edinburgh	Business School	Full time	Programme description
The operation of financial markets and the delivery of financial services impact a variety of real-world issues including job creation and credit approval. Our vocationally minded MSc in Finance, Technology & Policy addresses the knowledge gap created by the pace of technological transformation in financial services and markets.
Programme structure
Learning will primarily be through:
formal lectures
seminars
workshops
flipped classes
practical computer labs sessions
student presentations
guest speakers
masterclasses
research assignments
the research dissertation
Assessment methods include examinations, reports, essays and team presentations.	September	Tuition fees vary between degree programmes. Find the specific fees for your chosen programme on our website.	MSc	1 year full-time	Edinburgh	On Campus	United Kingdom	https://www.findamasters.com/masters-degrees/course/finance-technology-and-policy-msc/?i300d3321c53463