  Applied Marine and Fisheries Ecology MSc	Aberdeen University	School of Biological Sciences	Full time	Applied Marine and Fisheries Ecology gives you the skills and knowledge to understand how an ecosystem-based approach can be used to understand and manage the effects of human activities in the marine environment. 
You will gain essential knowledge of fisheries science, aquaculture and marine ecological principles, as well as insight into marine spatial planning and related policies, to ensure well-rounded, advanced knowledge of Marine and Fisheries Ecology.	September, January	Find out about fees: 
Please see the university website for further information on fees for this course.
 
 
Find out about course fees on the programme page	MSc	12 months Full Time, 24 months part time	Aberdeen	On Campus	United Kingdom	https://www.findamasters.com/masters-degrees/course/applied-marine-and-fisheries-ecology-msc/?i2d7782c11790