  Banking and Finance (MSc)	Sheffield Hallam University	Postgraduate Courses	Full time	Apply for the part-time course here.
Gain analytical skills and knowledge of the key products and risks present in financial markets.
Course summary
Obtain suitable skills and experience to meet the needs of the banking, insurance and finance industries.
Gain specific knowledge related to financial services, consultancy, regulation, supervision and compliance.
Develop an understanding of the practical and theoretical issues in banking and financial markets.
Designed with input from professional bodies and employers, this course aims to meet national subject benchmark standards and quality requirements. It is ideal if you want to work in financial markets or banking and desire to progress your career rapidly.	September, January	Our tuition fee for UK students starting full-time study in 2023/24 is £9,910 for the course. For part-time study the fee will be calculated pro-rata each year. 
 
Please see the university website for further information on fees for this course.	MSc	1 year-15 months full time, 2 years-30 months part time	Sheffield	On Campus	United Kingdom	https://www.findamasters.com/masters-degrees/course/banking-and-finance-msc/?i219d2021c1478