  Banking and Finance MSc	University of Huddersfield	Huddersfield Business School	Full time	This course is ideal if you’re looking to pursue a career in international financial markets and the banking sector. The course will enable you to develop your understanding, and critically evaluate the theories affecting the financial services sector, financial management and capital markets, as well as the important issues facing banking and economics systems.	September, January	Band 3 
UK fees: 
Please see the university website for further information on fees for this course.
 
International fees: 
Please see the university website for further information on fees for this course.	MSc	1 year full-time	Huddersfield	On Campus	United Kingdom	https://www.findamasters.com/masters-degrees/course/banking-and-finance-msc/?i314d1135c42774