  Architectural and Urban Design MSc	University of Edinburgh	Edinburgh College of Art	Full time	Programme description
The programme provides specialist training in design for candidates who already hold a first degree in architecture.
The programme aims to expose candidates to a range of cutting-edge approaches, strategies, research and experimentation techniques in architectural design.
Programme structure
The programme is structured around a series of design projects, augmented by lecture and seminar-based teaching in urban design and contemporary architectural theory.
The programme also involves fieldwork in a selected internationally significant city. Previous destinations include Florence, Olbia, Bari, Mumbai and Kolkata.	September	Tuition fees vary between degree programmes. Find the specific fees for your chosen programme on our website.	MSc	1 year full-time	Edinburgh	On Campus	United Kingdom	https://www.findamasters.com/masters-degrees/course/architectural-and-urban-design-msc/?i300d1325c15622