  Applied Economics	University of Bath	Department of Economics	Full time	Gain a strong grounding in advanced economics, with a focus on the application of economic theory and policy analysis in contemporary real-world settings.
Closely related to our 
MSc Economics course
, MSc Applied Economics takes a more practical approach to the subject to prepare you for a range of professional roles in the field of economics.
You'll receive rigorous training in all the main aspects of economics – such as microeconomics, macroeconomics and econometrics – with a focus on their application to contemporary economic challenges and issues.
Alongside the study of economic theory, you can select from a range of supplementary topics to tailor the course to your personal interests and career aspirations. These may include:	September	Please see the university website for further information on fees for this course.	MSc	1 year	Bath	On Campus	United Kingdom	https://www.findamasters.com/masters-degrees/course/applied-economics/?i280d1681c50561