  Applied International Development	University of Reading	School of Agriculture, Policy & Development	Full time	Apply for this programme
Study the theory and practice of international and community development with our MSc Applied International Development master’s degree.
This programme will develop your understanding of the theoretical frameworks needed for analysis of social change brought about by planned development interventions.
Choose MSc Applied International Development at the University of Reading
You will:	September	New UK/Republic of Ireland students: £10,800 
 
New international students: £22,350	MSc	1 year full time, 2 years part time	Reading	On Campus	United Kingdom	https://www.findamasters.com/masters-degrees/course/applied-international-development/?i345d711c42197