  Applied Economics	University of Reading	Department of Economics	Full time	Apply for this programme
Apply theory and analysis methods to the problems and policy issues facing economists all over the world.
Led by experts from the University of Reading’s 
Department of Economics
, this master’s degree focuses on the application of economics to contemporary problems and policy, with a multicultural and global outlook.
Choose economics at the University of	September	New UK/Republic of Ireland students: £10,800 
 
New international students: £22,350	MSc	1 year full time, 2 years part time	Reading	On Campus	United Kingdom	https://www.findamasters.com/masters-degrees/course/applied-economics/?i345d732c69687