  Bioengineering MSc	University of Nottingham	Department of Mechanical, Materials & Manufacturing Engineering	Full time	Whether it's biomechanics and biomaterials, bioimaging and bioseng, or a combination of both, this 12-month course aims to provide science and engineering graduates from diverse backgrounds with a solid grounding in modern bioengineering technologies.
This multidisciplinary masters covers practical and theoretical aspects of bioengineering, including:
Medical imaging
Medical device design and regulation
Cell-biomaterial surface interactions
Materials characterisation
Functionalisation of surface
Biomechanics
The course will prepare students for a wide variety of careers within industry, hospitals, clinical or research environments, independent learning, or for further education within postgraduate research.	September	Please see the university website for further information on fees for this course.	MSc	Full-time: 12 months	Nottingham	On Campus	United Kingdom	https://www.findamasters.com/masters-degrees/course/bioengineering-msc/?i338d5c26583