  Automotive Engineering - MSc	University of Hertfordshire	School of Physics, Engineering and Computer Science	Full time	Why choose Herts?
Excellent Reputation: Every Formula One racing team includes a University of Hertfordshire Automotive Engineering graduate.
Employment Prospects: Our students have worked for organisations including McLaren, Ferrari, and Mercedes.
Industry Connections: Benefit from our long-established links with organisations including BMW, Nissan, and McLaren who support with work placements and attend careers fairs or practical workshops.
About the course
This MSc in Automotive Engineering is specifically designed to enhance the employment and promotional opportunities of graduates in mechanical and automotive engineering. The programme considers in depth key areas of automotive technology. Its integrated design covers both the technological and management aspects of the motor industry. The programme aims to:	See Course	UK Students 
Full time: £9750 for the 2022/2023 academic year 
Part time: £810 per 15 credits for the 2022/2023 academic year 
 
EU/International Students 
Full time: £14750 for the 2022/2023 academic year 
Part time: £1230 per 15 credits for the 2022/2023 academic year	MSc	1 year full-time, 18 months full-time, 3 years part-time	Hatfield	On Campus	United Kingdom	https://www.findamasters.com/masters-degrees/course/automotive-engineering-msc/?i313d64c13430