  Applied Bioinformatics and Genetic Epidemiology - MSc	Cardiff University	Cardiff School of Medicine	Full time	Why study this course
The aim of this programme is to provide individuals with a platform to explore, analyse and interpret contemporary biological data. This course offers Masters level instruction in Bioinformatics and Genetic Epidemiology with a focus in genetic epidemiology.
With a focus on genetic epidemiology, this programme is ideal for graduates from a life sciences, mathematics, or computer sciences discipline.
It will provide you with the skills and knowledge of computational and statistical biosciences to prepare you for a challenging career in academic research, biotechnology, or the pharmaceutical and healthcare industries.	September	Your tuition fees and how you pay them will depend on your fee status. Your fee status could be home, island or overseas. 
 
Please see the university website for further information on fees for this course.	MSc	1 year full time, 3 years part time	Cardiff	On Campus	United Kingdom	https://www.findamasters.com/masters-degrees/course/applied-bioinformatics-and-genetic-epidemiology-msc/?i33d4542c49415