  Atmospheric and Oceanic Sciences - Master of Science (MS)	University of Colorado Boulder	College of Arts and Sciences	Full time	The Department of Atmospheric and Oceanic Sciences (ATOC) is an interdisciplinary program that provides an educational and research environment to examine the dynamical, physical and chemical processes in the atmosphere, ocean and land surface, and the manner in which they interact. A major theme is the establishment of a physical basis for understanding, observing and modeling climate and global change.
Students can earn a master's degree with either a thesis or an exam. Students considering master's study in atmospheric and oceanic sciences should carefully read the 
Master's Degree Requirements
 section of this catalog, as well as the department's 
Prospective Graduate Students
 and 
Current Graduate Students
 webpages.	See Course	Please see the university website for further information on fees for this course.	MSc	Please view website	Boulder	On Campus	USA	https://www.findamasters.com/masters-degrees/course/atmospheric-and-oceanic-sciences-master-of-science-ms/?i512d8309c59146