  Artificial Intelligence - PgDip/PgCert/MSc	Oxford Brookes University	School of Engineering, Computing and Mathematics	Full time	Our Artificial Intelligence (AI) course allows you to develop the skills, knowledge and understanding to:
pursue careers in the cutting edge of AI
implement novel technological solutions in real world problems.
It is ideal for recent graduates in computing, mathematics, engineering or a science-related subject with good programming skills. And those with substantial experience in the computing industry who want to gain a qualification that develops their expertise.
The course is informed by the state-of-the-art research being undertaken in the school. You will study:	September	Home (UK) full time - Masters £8,700; Diploma £7,700; Certificate £4,350 
Home (UK) part time - £4,350 
International full time - £17,200	MSc PGCert PGDip	1 year full time, 2 years part time (MSc), 6 months full time, 18 months part time (PgDip), 3 months full time, 6 months part time (PgCert)	Oxford	On Campus	United Kingdom	https://www.findamasters.com/masters-degrees/course/artificial-intelligence-pgdip-pgcert-msc/?i188d6131c58482