  Big Data and High Performance Computing with a Year in Industry MSc	University of Liverpool	Department of Computer Science	Full time	Gain hands-on experience of big data analytics, data mining and visualisation techniques using high-performance computer technology. This MSc is accredited by BCS, the Chartered Institute for IT, and includes an extended industrial placement in a real-world environment.
INTRODUCTION
Big data is increasingly important in the contemporary business and IT world. For many public and private enterprises, analysis of large-scale data sets is critical to growth. This MSc will prepare you for employment in an IT industry where big data professionals are in high demand.
You’ll learn how to interrogate vast amounts of data and make informed insights from datasets that are too large to be readily processed using standard techniques.	September	UK fees (applies to Channel Islands, Isle of Man and Republic of Ireland) 
Full-time place, per year - £12,100 
Year in industry fee - £2,450 
 
International fees 
Full-time place, per year - £26,350 
Year in industry fee - £5,300	MSc	2 years full time	Liverpool	On Campus	United Kingdom	https://www.findamasters.com/masters-degrees/course/big-data-and-high-performance-computing-with-a-year-in-industry-msc/?i326d913c45433