  Architecture-Engineering Construction Management (AECM)	Carnegie Mellon University	Civil and Environmental Engineering	Full time	The 
Master of Science in Architecture–Engineering–Construction Management (MSAECM)
 focuses on the integration of design and technology, particularly advanced information systems, as a means of both improving building performance and enhancing environmental sustainability.
Program Overview
The Master of Science in Architecture–Engineering–Construction Management (MSAECM) program is
 
jointly offered by the School of Architecture and the 
Department of Civil & Environmental Engineering
 at Carnegie Mellon University.	See Course	Please see the university website for further information on fees for this course.	MSc	See website for details.	Pittsburgh	On Campus	USA	https://www.findamasters.com/masters-degrees/course/architecture-engineering-construction-management-aecm/?i508d8698c66458