  Applied Sport and Exercise Nutrition - PgDip/MSc	Oxford Brookes University	Department of Sport, Health Sciences and Social Work	Full time	Our MSc/PGDip in Applied Sport and Exercise Nutrition is designed for students who want to work with a range of people to improve their health, fitness or sporting performance. We encourage applications from graduates with a background in sport and exercise science or human nutrition.
Nutrition has profound effects on both human health and athletic performance. So we have based this course on the latest scientific research and contemporary practice. 
Our staff come from a wide range of sporting and nutrition backgrounds. They conduct first-class research and bring it to the classroom and some are actively involved in coaching.
To provide you with subject specialist knowledge we also invite guest speakers from:	September	Home (UK) full time - £9,300 
Home (UK) part time - £4,650 
International full time - £16,500	MSc PGDip	1 year full time, 2 years part time (MSc), 8 months full time, 20 months part time (PgDip)	Oxford	On Campus	United Kingdom	https://www.findamasters.com/masters-degrees/course/applied-sport-and-exercise-nutrition-pgdip-msc/?i188d6126c5296