  Bioinformatics - MSc	Newcastle University	School of Computing	Full time	Our MSc Bioinformatics is unique and interdisciplinary. It draws together highly-rated teaching and research expertise from across the University. It equips you for a successful career in the bioinformatics industry or academia.
We've designed this MSc Bioinformatics for students from both biological science and computational backgrounds.
Prior experience with computer programming is not needed.
We welcome applications from those with mathematical, engineering or other scientific backgrounds.
Our course structure is highly flexible and you can tailor it to your own skills and interests.	September	See  and Funding tab in the Programme information in our online Prospectus. 
Please see the university website for further information on fees for this course.	MSc	1 year full time	Newcastle	On Campus	United Kingdom	https://www.findamasters.com/masters-degrees/course/bioinformatics-msc/?i177d3189c25848