  Astrobiology and Planetary Sciences MSc	University of Edinburgh	School of Physics and Astronomy	Full time	Programme description 
Astrobiology and the planetary sciences are rigorous interdisciplinary subjects.
These subjects build on physics, chemistry, biology and geosciences to answer fundamental questions about living matter:
how is it formed?
how does it vary and evolve in unison with planets and stars?
how is it distributed across time and space?
Planetary scientists investigate the origin, diversity and behaviour of planets, moons, asteroids, comets, and solar systems. Together, these sciences offer a broad and satisfying perspective on our own place in the universe. In the context of space exploration, these sciences also have interesting policy, legal, and ethical implications.	September	Tuition fees vary between degree programmes. Find the specific fees for your chosen programme on our website.	MSc	1 year full-time	Edinburgh	On Campus	United Kingdom	https://www.findamasters.com/masters-degrees/course/astrobiology-and-planetary-sciences-msc/?i300d3320c70697