  Bioinformatics MS	Rochester Institute of Technology USA	Masters Programs	Full time	A bioinformatics master’s degree prepares you to tackle complex problems in biology using big data, data mining, machine learning and modeling.
Co-op/Internship Encouraged
STEM-OPT Visa Eligible
100% Outcome Rate of RIT Graduates from this degree 
30%
 
Merit Scholarship 
Average award given to accepted students
$1M+ Equipment in 
Genomics	See Course	Please see the university website for further information on fees for this course.	MSc	See website for details	Rochester	On Campus	USA	https://www.findamasters.com/masters-degrees/course/bioinformatics-ms/?i693d7481c44173