  Applied Statistics MS	Rochester Institute of Technology USA	Masters Programs	Full time	In this master’s in applied statistics, you’ll learn statistical analysis and apply it to a variety of industries, including insurance, marketing, government, health care, and more.
95%
 
Outcome Rate of RIT Graduates from this degree 
$98K Average First-Year Salary of RIT Graduates from this degree
34%
 
Employment growth rate 
Expected for statisticians by 2026, four times faster than the overall labor market
30%
 
Merit scholarship 
Average award given to accepted students	See Course	Please see the university website for further information on fees for this course.	MSc	See website for details	Rochester	Online	USA	https://www.findamasters.com/masters-degrees/course/applied-statistics-ms/?i693d7481c44171