  Applied Statistics MSc/PGDip	Middlesex University	Faculty of Science and Technology	Full time	Often known as the science of uncertainty, statistics is of vital importance in modern society where almost all sectors rely on the collection, analysis and interpretation of data. There is a great shortage of well qualified statisticians, data analysts and statistical consultants across the sector and this course has been specifically designed to meet that demand.	October	UK students 
Full-time students:£10,500 
Part-time students: £70 per taught credit 
 
EU/International students 
Full-time students: £15,700 
Part-time students: £101 per taught credit	MSc PGDip	1 year full-time; 2 years part-time	London	On Campus	United Kingdom	https://www.findamasters.com/masters-degrees/course/applied-statistics-msc-pgdip/?i166d5300c30922