  Animal Behaviour MSc	University of Exeter	Psychology	Full time	Overview
Our MSc Animal Behaviour, based in the Psychology department, provides a strong background in a broad cross-section of research methods used by researchers studying human and animal behaviour and a multidisciplinary study environment
The course offers in-depth training in statistical methods and research methodologies
Learn how to formulate and test relevant research questions and critically evaluate the research carried out by others in the field
Gain the necessary skills to pursue a PhD, work as a researcher or pursue a career working in zoos, research centres, nature reserves, wildlife and other animal-related offices, education, scientific media and journalism, or the expanding field of eco-tourism
Course content
The programme will give you insights into the varied means of performing animal behaviour research in a wide array of locations with wild and (semi-)captive animals – in field, laboratory, zoo or other human-managed settings.	September	For current programme fees please see our website.	MSc	1 year full-time; 2 years part-time	Exeter	On Campus	United Kingdom	https://www.findamasters.com/masters-degrees/course/animal-behaviour-msc/?i302d8987c1456