  Behaviour Change - MSc	Aberystwyth University	Psychology	Full time	Who is this for:
Are you passionate about being a force for good as humanity navigates unprecedented challenges?
Do you want to be part of the 
solution
, at a local, regional, national, and even international level? 
Are you interested in theories of human behaviour, techniques for behaviour change, and how to embed them in campaigns and interventions?
Keen to have autonomy over your education through option modules and personalised coursework assignments?
Do you want real-world experiences, meeting experts and practitioners in numerous, diverse subject areas as they seek to optimise human behaviour in niche domains?	September	Please see the university website for further information on fees for this course.	MSc	1 year full time, 2 years part time	Aberystwyth	On Campus	United Kingdom	https://www.findamasters.com/masters-degrees/course/behaviour-change-msc/?i3d6477c65234