  Applied Transfusion and Transplantation Science - MSc	University of the West of England, Bristol	School of Applied Sciences	Full time	Transfusion and transplantation services save lives. They provide vital blood, stem cell and organ donations for patients with serious illnesses, alongside specialist testing for hospital patients. Due to a national shortage in these services, transfusion and transplant specialists are in high demand. This MSc in Applied Transfusion and Transplantation Science aims to tackle this shortage.
Why UWE	See Course	Home Award Fee £9750 
Home Module Fee (15 Credit) £813 
 
Home Module Fee (15 Credit) £813 
Offshore Module Fee (15 Credit) £1229	MSc	1 year full time, 2 years part time	Bristol	On Campus	United Kingdom	https://www.findamasters.com/masters-degrees/course/applied-transfusion-and-transplantation-science-msc/?i359d5894c68499