  Artificial Intelligence (Online) - MSc	University of Hertfordshire	School of Physics, Engineering and Computer Science	Full time	Why choose Herts?
Our MSc in Artificial Intelligence (Online) mirrors the experience of our Artificial Intelligence Lab and is regularly updated to reflect the most recent developments in the field ensuring you are fully prepared after graduation.
The course focuses on the exciting fields of AI programming and advanced algorithms, designing and developing responsible AI software, and studying, understanding, and applying machine learning logic.
The mode of delivery and assessments is project and problem solving based, combining real-life scenarios with a reflective learning experience, aimed at developing the highest level of problem solving and AI development skills.
About the course
The award builds on the extensive experience and long-established reputation of our Artificial Intelligence Laboratory, in researching areas such as AI, AI programming, and machine learning. Artificial Intelligence has been taken to a new level by the current developments in the industry, implementing it in almost all sectors, such as vehicle engineering, medicine, finance, services, big data analytics, and cybersecurity. The MSc Artificial Intelligence (Online) embeds these developments through subjects, aiming at developing the most current and required skills in the industry.	See Course	UK Students 
Full time: £9600 for the 2022/2023 academic year 
Part time: £800 per 15 credits for the 2022/2023 academic year 
 
EU/International Students 
Full time: £9600 for the 2022/2023 academic year 
Part time: £800 per 15 credits for the 2022/2023 academic year	MSc	1 year full-time, 16 months full-time, 3 years part-time	Hatfield	Online	United Kingdom	https://www.findamasters.com/masters-degrees/course/artificial-intelligence-online-msc/?i313d64c61779