  Autonomous Robotic Intelligent Systems MSc	University of Strathclyde	Department of Electronic & Electrical Engineering	Full time	Our Masters in Autonomous Robotic Intelligent Systems is designed to provide a wide-ranging background in autonomous technologies that can be applied in a variety of disciplines. UK growth in the global robotics market is forecast to reach £13 billion by 2025 and this offers huge job opportunities. 
The course focuses on state-of-the-art technologies for autonomous control and machine learning with applications in robotics, sensor networks, big data analytics, and autonomous agents.
Emphasis is given to topics that support a new emerging generation of self-sustaining and intelligent devices created for the Internet of Things, Ubiquitous Computing, and Industry 4.0 environments.
The MSc is delivered jointly by the 
Departments of Electronic & Electrical Engineering
, and 
Design, Manufacture & Engineering Management
.	September	Please see the university website for further information on fees for this course.	MSc	12 Months	Glasgow	On Campus	United Kingdom	https://www.findamasters.com/masters-degrees/course/autonomous-robotic-intelligent-systems-msc/?i353d460c49383