  Applied Forensic Psychology with Placement	University of Bath	Department of Psychology	Full time	Prepare for a career in forensic psychology on this BPS-accredited course. You’ll do a work placement in a forensic setting, enhancing your experience.
This course provides you with the background psychological knowledge, professional skills and experience you need to start your career in the field of forensic psychology.
It is 
British Psychological Society (BPS)
-accredited. This means you’ll gain contemporary and relevant knowledge that you can use in a range of forensic psychology roles within the legal, criminal or civil justice systems.
You’ll combine theoretical learning with a work placement of up to 12 months. This is a key feature of our course and is designed to help you demonstrate your skills in an applied setting, while gaining important experience.	September	Please see the university website for further information on fees for this course.	MSc	2 years	Bath	On Campus	United Kingdom	https://www.findamasters.com/masters-degrees/course/applied-forensic-psychology-with-placement/?i280d1686c54106