  Applied Aquatic Biology MSc	University of Portsmouth	School of Biological Sciences	Full time	Overview
Our aquatic ecosystems are under threat. Learn about the issues of pollution, overfishing and climate change from the frontline and take your studies, experience and career to postgraduate level on our MSc Applied Aquatic Biology course.
The University of Portsmouth is the perfect place to dive into aquatic biology, thanks to the temperate marine habitats and internationally protected conservation areas on our doorstep. Our 
Institute of Marine Sciences
 is home to some of the best facilities in the country and 
Portsmouth is ranked third of all post-1992 universities
 in the UK for research power.
Improve your career opportunities and skills by undertaking independent research, which will lead to exciting jobs in conservation, consultancy, fisheries and research, or teaching and further study.	September	Please see the university website for further information on fees for this course.	MSc	1 year full time, 2 years part time	Portsmouth	On Campus	United Kingdom	https://www.findamasters.com/masters-degrees/course/applied-aquatic-biology-msc/?i343d5468c17801