  Applied Data Science (Environment and Sustainability) MSc	University of Exeter	Mathematics and Statistics	Full time	Overview
Develop an understanding of state-of-the-art modelling, emergent data science techniques, and explore economic, environmental, and societal issues surrounding sustainability practices and policies
Based at our stunning Penryn Campus in Cornwall and hosted by the University’s Environment and Sustainability Institute, which leads cutting-edge research on problems of environmental change
Be exposed to a wide variety of data and data analytics approaches with opportunities to work with industry, charities, or the public sector
Gain the skills and experience you need to succeed in the demanding and fast growing data analytics sectors particularly in relation to sustainability
Course content
The contemporary climate and environmental crises necessitate discipline-transcending solutions underpinned by understanding complex systems and models that draw from a data intensive world. Sustainable development is now a top priority in many industries and for many public and non-governmental organisations.	September	For current programme fees please see our website.	MSc	1 year full time	Exeter	On Campus	United Kingdom	https://www.findamasters.com/masters-degrees/course/applied-data-science-environment-and-sustainability-msc/?i302d8985c64503