  Artificial Intelligence - MSc/PGDip	Heriot-Watt University	School of Mathematical and Computer Sciences	Full time	Our MSc in Artificial Intelligence aims to impart the understanding and skills to develop intelligent software applications, such as those involving evolutionary computation and learning.
Students will develop skills in specialist areas with clear applications in industry, including data mining, pattern recognition and machine learning. The MSc project in some cases can be carried out in collaboration with an outside industrial or academic organisation.
Course duration
MSc:
 12 months (full-time), 24 months (part-time)
PG Diploma:
 9 months
The full-time programme starts in September and lasts one year.	September	Please see the university website for further information on fees for this course.	PGDip MSc	9-12 months full time, 24 months part time	Edinburgh	On Campus	United Kingdom	https://www.findamasters.com/masters-degrees/course/artificial-intelligence-msc-pgdip/?i106d4400c11501