  Applied Data Science and Statistics MSc	University of Exeter	Mathematics and Statistics	Full time	Overview
Designed for those wanting to work with and derive meaning from data, but without prior experience of programming
Explore a wide variety of applications to prepare you for a career working with data in a wide variety of sectors
Graduate with the capability to extract otherwise-hidden information within data and use it to make informed decisions, with the skills needed to enter a Data Scientist or Analyst role
Learn a variety of languages essential to Data Science, including R and Python
Work with data and gain the ability to perform statistical analysis to answer questions, and understand how to interpret and communicate results in the presence of bias and uncertainty.
Course content
Teaching on this programme is delivered through a mix of lectures, projects, group work and hands-on lab sessions. Many of your lectures will be interactive combining a blend of classroom learning, coding and data analysis. Group and individual projects will be undertaken using real data and will often focus on topical challenges which are the focus of current research.	September	For current programme fees please see our website.	MSc	1 year full-time	Exeter	On Campus	United Kingdom	https://www.findamasters.com/masters-degrees/course/applied-data-science-and-statistics-msc/?i302d8985c58547