  Autonomous Systems (MSc)	Université Côte d’Azur	EIT Digital Master School - Université Côte d’Azur	Full time	From self-driving cars to robotic assistants, the Internet of Things, and AI-based software solutions – the future is autonomous. However, as an emerging technology, autonomous systems hold both opportunities and risks. The key to navigating this potential minefield is not only understanding the technology itself but, more importantly, be able to confidently evaluate autonomous processes and maximise the trade-off between business impact and resources spent.
This is where EIT Digital comes into play. With our Autonomous Systems master's programme, you will acquire the skills and knowledge to drive the transition to autonomous systems.	See Course	Application Fee: A non-refundable application fee of 75 EUR 
 
Registration Fee: A non-refundable deposit of 250 EUR 
 
Please see the university website for further information on fees for this course.	MSc	2 years full time	Nice	On Campus	France	https://www.findamasters.com/masters-degrees/course/autonomous-systems-msc/?i336d7886c58708