  Applied Sciences and Engineering: Computer Science	Vrije Universiteit Brussel	Faculty of Science and Bio-engineering Sciences	Full time	The programme prepares you for an active role in computer science research and development, in academia as well as in the ICT industry. Our master programme builds on your existing academic foundations in computer science (such as a bachelor in computer science, or equivalent) and provides you with a deeper knowledge and understanding of computer science in general, as well as of the state of the art in your favourite of four specialisations. Find all details on the 
VUB programme page
.
Artificial Intelligence
Data Management and
Multimedia
Software Languages and Software Engineering
Specializations offered
Artificial	September	The tuition fee for 2024-2025 will be: 
EU/EEA students: 1092 €/year 
Non EU/EEA students 4000 €/year	MSc	2 years	Brussels	On Campus	Belgium	https://www.findamasters.com/masters-degrees/course/applied-sciences-and-engineering-computer-science/?i385d6809c25959