  Cancer Biology and Therapeutics MSc	Middlesex University	Faculty of Science and Technology	Full time	Our MSc programme will develop your knowledge and understanding of cancer diagnosis and therapeutics. The course will focus on up-to-date diagnostic techniques and emerging tumour markers and their potential applications in specific diagnostics for various types of cancers. In addition, you will be exploring drug delivery systems and learning to make drug carriers for targeting cancers using nanotechnology. You will also be trained to perform a range of molecular, cellular and proteomics laboratory techniques used for detecting tumour markers and monitoring therapeutic effects.	October	UK students 
Full-time students: £9,600 
Part-time students: £64 per credit 
Part-time students: £32 per dissertation credit 
 
EU/International students 
Full-time students: £15,100 
Part-time students: £101 per credit 
Part-time students: £50 per dissertation credit	MSc	1 year full-time; 2 years part-time	London	On Campus	United Kingdom	https://www.findamasters.com/masters-degrees/course/cancer-biology-and-therapeutics-msc/?i166d5300c60975
