  Cancer Research MSc	University of Huddersfield	School of Applied Sciences	Full time	This course is aimed at graduates seeking to develop knowledge and expertise in the genetics and biology of cancer and the experimental methodologies utilised in cancer research. Training will be provided in the critically evaluation of cutting-edge cancer research literature and experimental methodologies and how to use these skills to propose and test research hypotheses in a laboratory setting. See website for module	September	Band 2 
UK fees: 
Please see the university website for further information on fees for this course.
 
International fees: 
Please see the university website for further information on fees for this course.	MSc	1 year full-time	Huddersfield	On Campus	United Kingdom	https://www.findamasters.com/masters-degrees/course/cancer-research-msc/?i314d1125c65242
