  Biotechnology MSc	University of Liverpool	Department of Life Sciences	Full time	Life sciences and technology are an integral part of the global economy. Our Biotechnology MSc has been designed with input from major industry players to ensure that current skill gaps and emerging skill needs are being addressed. INTRODUCTION This course will provide you with in-depth scientific knowledge of the subject and its application. It will equip you with a strong background in biology, statistical analyses, computing skills, and knowledge necessary to work in different areas of biotechnology.	September	UK fees (applies to Channel Islands, Isle of Man and Republic of Ireland) 
Full-time place, per year - £11,900 
Part-time place, per year - £5,950 
 
International fees 
Full-time place, per year - £24,750 
Part-time place, per year - £12,375	MSc	1 year full time, 2 years part time	Liverpool	On Campus	United Kingdom	https://www.findamasters.com/masters-degrees/course/biotechnology-msc/?i326d6868c64626
