  Clinical Health Psychology and Wellbeing MSc	Middlesex University	Faculty of Science and Technology	Full time	Supporting physical and mental health is central in all areas of life and employment. This master's degree integrates the promotion of health and wellness with a focus on mental and physical health and wellbeing. You'll gain knowledge, practitioner and professional skills to support a future career working with clients and patients in health-related settings. You'll also have the opportunity to undertake hands-on learning through a professional placement.	September	UK students 
Full-time students: £9,600 
Part-time students: £64 per credit 
Part-time students: £32 per dissertation credit 
 
EU/International students 
Full-time students: £15,100 
Part-time students: £101 per credit 
Part-time students: £50 per dissertation credit	MSc	1 year full-time; 2 years part-time	London	On Campus	United Kingdom	https://www.findamasters.com/masters-degrees/course/clinical-health-psychology-and-wellbeing-msc/?i166d5300c60940
