  Business Analytics - MSc	University of West London	The Claude Littner Business School	Full time	Studying MSc Business Analytics with UWL enables you to benefit from not only the latest lecture material on the subject but also the expertise of direct contacts in the industry who will bridge the gap between academic rigour and practical relevance.  The course is taught by members of the CLBS academic community who, as well as boasting extensive boardroom and classroom experience, will deliver a pastoral approach and unique hands-on learning experience for you.  Throughout, the course embeds and develops core technical skills and approaches which bolster business analytics training, key processes, and methodologies. You will be able to fine-tune these acquired techniques through projects that require these skills to be embodied and integrated holistically.	February, September	For fees visit: 
 
Please see the university website for further information on fees for this course.
 
 
For scholarship information see: 
 
Please see the university website for further information on fees for this course.	MSc	1 year full-time or 15 months full-time	London	On Campus	United Kingdom	https://www.findamasters.com/masters-degrees/course/business-analytics-msc/?i237d1942c66838
