  Branding and Marketing Communication MSc	Middlesex University	Faculty of Business and Law	Full time	The world has changed. Brands and the way they communicate with consumers has to demonstrate flexibility, adaptation, empathy and experience. Organisations have to prove their commitment through relevant products and play a meaningful role in addressing societal issues. Moreover, brands need to create conversations which build trust and communicate their value propositions in ways that resonate with the consumers at every touchpoint in their journey. The MSc In Branding and Marketing Communication programme, will enable you to develop your understanding of the ‘phy-gital’ space in which brands exist and communicate.	September	UK students 
Full-time students: £12,700 
Part-time students: £85 per credit 
Part-time students: £42 per dissertation credit 
 
EU/International students 
Full-time students: £16,800 
Part-time students: £112 per credit 
Part-time students: £56 per dissertation credit	MSc	1 year full-time; 2 years part-time	London	On Campus	United Kingdom	https://www.findamasters.com/masters-degrees/course/branding-and-marketing-communication-msc/?i166d8738c46659
