  Climate Resilience and Environmental Sustainability in Architecture (CRESTA) MSc	University of Liverpool	Department of Architecture	Full time	Develop practical expertise in the environmental design of buildings and their surroundings in the context of a changing climate. You’ll get hands-on experience using computer environmental modelling software and explore pioneering developments in sustainable architecture. INTRODUCTION Bringing together graduates and professionals from a range of backgrounds, this programme will enhance your knowledge of environmentally friendly and sustainable building design. We’ll immerse you in the climate-sensitive design of buildings and urban landscapes and hone your skills in environmental assessment. You’ll explore the evolution of the environmental design of architecture and discover how to use the latest computer environmental modelling software.	September	UK fees (applies to Channel Islands, Isle of Man and Republic of Ireland) 
Full-time place, per year - £10,150 
 
International fees 
Full-time place, per year - £21,350	MSc	1 year full time	Liverpool	On Campus	United Kingdom	https://www.findamasters.com/masters-degrees/course/climate-resilience-and-environmental-sustainability-in-architecture-cresta-msc/?i326d925c27926
