  Cardiology MSc/PGDip	Middlesex University	Faculty of Science and Technology	Full time	Cardiac physiologists record and analyse physiological data to diagnose and treat cardiac disease. They play an essential role in healthcare, saving many lives and improving many more. Cardiac physiologists in hospitals deal with patients first-hand, meaning they need not only highly specialised knowledge and excellent analytical abilities but good people skills.	October	UK students 
Full-time students: £9,600 
Part-time students: £64 per credit 
Part-time students: £32 per dissertation credit 
 
EU/International students 
Full-time students: £15,100 
Part-time students: £101 per credit 
Part-time students: £50 per dissertation credit	MSc PGDip	1 year full-time; 2 years part-time	London	On Campus	United Kingdom	https://www.findamasters.com/masters-degrees/course/cardiology-msc-pgdip/?i166d5300c30931
