  Clinical Neuroscience MSc	Middlesex University	Faculty of Science and Technology	Full time	This programme focuses on the areas of pathology and clinical diagnostics and so provides an alternate to a postgraduate landscape dominated by computational and imaging aspects of neuroscience. In addition to Neuroscience and Psychology with Neuroscience graduates, the content of this programme also provides CPD opportunities for Health Service practitioners in their first years of clinical practice.	October	UK students 
Full-time students: £9,600 
Part-time students: £64 per credit 
Part-time students: £32 per dissertation credit 
 
EU/International Students 
Full-time students: £15,100 
Part-time students: £101 per credit 
Part-time students: £50 per dissertation credit	MSc	1 year full time, 2 years part time	London	On Campus	United Kingdom	https://www.findamasters.com/masters-degrees/course/clinical-neuroscience-msc/?i166d5300c71359
