  Business Psychology - MSc	University of the West of England, Bristol	Bristol Business School	Full time	An organisation is only as good as the people working within it. Business psychology is crucial in understanding how teams work and what motivates employees. Many organisations hire business psychologists to solve challenges in psychology and business, from communication to talent recruitment. Not only does applying psychology to the workplace produce better leaders and teams, it improves business decisions too. Business psychology is a growing market, addressing a business need for more effective workplace cultures. This course is accredited by the  Association for Business Psychology  (ABP). Skills-based,	September, January	Full time: 
Home Award Fee £8200 
Home Module Fee (15 Credit) £683 
 
Part time: 
Home Module Fee (15 Credit) £683 
Offshore Module Fee (15 Credit) £1208	MSc	1 year full-time, 2 years part-time	Bristol	On Campus	United Kingdom	https://www.findamasters.com/masters-degrees/course/business-psychology-msc/?i359d378c65798
