  Clinical Ophthalmology and Vision Science MSc	University of Liverpool	Department of Health Sciences	Full time	The Clinical Ophthalmology and Vision Science MSc programme is aimed at intercalating medical students and will provide you with the opportunity to develop in-depth applied knowledge, clinical practice, research skills and professional behaviours in the connected fields of clinical ophthalmology and vision science. INTRODUCTION This programme has been developed through the close collaboration of clinicians in St Paul’s Eye Unit and academic staff in the Department of Eye and Vision Science. You will learn about the scientific research leading to a greater understanding of vision, the mechanisms of disease leading to loss of vision and the transformative technologies being developed leading to new therapies and treatment strategies.	September	UK fees (applies to Channel Islands, Isle of Man and Republic of Ireland) 
Full-time place, per year - £10,400 
 
International fees 
Full-time place, per year - £39,250	MSc	1 year full time	Liverpool	On Campus	United Kingdom	https://www.findamasters.com/masters-degrees/course/clinical-ophthalmology-and-vision-science-msc/?i326d908c65037
