  Cardiac Rhythm Management and Electrophysiology MSc/PGDip/PGCert	Middlesex University	Faculty of Science and Technology	Full time	Combine advanced theoretical study with practical training, developing the holistic skills required to further your career in cardiac rhythm management and electrophysiology, Why study MSc Cardiac Rhythm Management and Electrophysiology at Middlesex University? Taught by industry-recognised experts, this course will enhance your clinical practice and expand your theoretical knowledge in the fields of cardiac rhythm management and clinical electrophysiology. Teaching covers a breadth of subjects, from advanced signal processing to biomedical ethics and law — providing a solid grounding in research methodologies, experimental design and statistics.	October	UK students 
Full-time students: £9,600 
Part-time students: £64 per credit 
Part-time students: £32 per dissertation credit 
 
EU/International students 
Full-time students: £15,100 
Part-time students: £101 per credit 
Part-time students: £50 per dissertation credit	MSc PGDip PGCert	1 year full-time; 2 years part-time	London	On Campus	United Kingdom	https://www.findamasters.com/masters-degrees/course/cardiac-rhythm-management-and-electrophysiology-msc-pgdip-pgcert/?i166d5300c60976
