  Business Analytics and Consultancy - MSc	University of Hertfordshire	Hertfordshire Business School	Full time	Why choose Herts? Teaching excellence: Learn from the leaders of the Business Analysis and Statistics (BAS) group. BAS includes Reda Lebcir, who is currently working on Coronavirus analytics for Public Health England ( see key staff section ). Industry connections: Benefit from our strong links with large organisations, including Ocado, Enterprise Rent-A-Car, and Tesco HQ who support our careers fairs, provide guest lectures, and networking events. Employment prospects: Graduates are working as business analysts, management consultants, and senior managers for organisations including Whitbread, Greenfolk Management Consultancy, and Accenture. About the course Course and module	See Course	UK Students 
Full time : £9750 for the 2022/2023 academic year 
Part time : £810 per 15 credits for the 2022/2023 academic year 
 
EU/International Students 
Full time : £14750 for the 2022/2023 academic year 
Part time : £1230 per 15 credits for the 2022/2023 academic year	MSc	1 year full time, 2 years part time	Hatfield	On Campus	United Kingdom	https://www.findamasters.com/masters-degrees/course/business-analytics-and-consultancy-msc/?i313d3269c28321
