  Data Science MSc	Middlesex University	Faculty of Science and Technology	Full time	All industries now utilise data and Data-Science and Data-Analytics are increasingly identified as key industrial activities.  The position of Data Scientist is rapidly becoming a required post for any company that wishes to take full advantage of the data that they collect. This course is designed to give you the skills to step into a career as a Data Scientist in a wide range of industries and companies.	October	UK students 
Full-time students: £10,500 
Part-time students: £70 per credit 
Part-time students: £35 per dissertation credit 
 
EU/International 
Full-time students: £15,700 
Part-time students: £101 per credit 
Part-time students: £50 per dissertation credit	MSc	1 year full-time; 2 years part-time	London	On Campus	United Kingdom	https://www.findamasters.com/masters-degrees/course/data-science-msc/?i166d5300c52200
