  Cancer Biology and Therapy MSc	University of Liverpool	Department of Life Sciences	Full time	The Cancer Biology and Therapy MSc will provide you with a high level understanding of the theory and practice of cancer research and how to connect cancer-related biomedical research with clinical applications. INTRODUCTION The city of Liverpool is a centre for excellence in cancer care. This, coupled with the University’s strong links with the new Clatterbridge Cancer Centre, makes it the perfect place to hone your knowledge and skills in this area. You will be taught by both internationally renowned biomedical scientists and clinicians in practice, providing in-depth scientific knowledge of the molecular mechanisms driving different cancer diseases and their relevance to clinical treatment options.	September	UK fees (applies to Channel Islands, Isle of Man and Republic of Ireland) 
Full-time place, per year - £11,900 
 
International fees 
Full-time place, per year - £24,750	MSc	1 year full time	Liverpool	On Campus	United Kingdom	https://www.findamasters.com/masters-degrees/course/cancer-biology-and-therapy-msc/?i326d6868c64629
