  Business Intelligence and Analytics MSc	University of Huddersfield	Huddersfield Business School	Full time	This MSc in Business Intelligence and Analytics is designed for students with an interest in analytics, data visualisation and business decision making. Businesses are becoming more and more interested in the high value-adding potential of data and advanced analytics. An incredible amount of data is generated at a very high speed, where businesses are keen to develop a digital culture within their organisation and attract highly skilled talent to support this.	September, January	Band 3 
UK fees: 
Please see the university website for further information on fees for this course.
 
International fees: 
Please see the university website for further information on fees for this course.	MSc	1 year full-time	Huddersfield	On Campus	United Kingdom	https://www.findamasters.com/masters-degrees/course/business-intelligence-and-analytics-msc/?i314d1135c56226
