  Civil and Geoenvironmental Engineering - MSc	Cardiff University	Cardiff School of Engineering	Full time	Why study this course This course is designed to provide specialist postgraduate professional development in this emerging and inclusive discipline, which recognises that many environmental challenges cannot be solved by one traditional discipline alone. The programme encompasses areas traditionally within civil engineering, earth sciences and biology. This MSc offers you the knowledge and expertise that you need to help you forge a career as a consulting geoenvironmental engineer within a multi-disciplinary professional team. The course is designed to provide specialist postgraduate professional development in this emerging discipline, encompassing areas traditionally within civil engineering, earth sciences and biology.	September	For programme fees please visit our website: 
Full time - 
Please see the university website for further information on fees for this course.
 
Part time - 
Please see the university website for further information on fees for this course.	MSc	1 year full time, 3 years part time	Cardiff	On Campus	United Kingdom	https://www.findamasters.com/masters-degrees/course/civil-and-geoenvironmental-engineering-msc/?i33d4088c4578
