  Chemical Process Engineering and Safety MSc	University of Huddersfield	School of Applied Sciences	Full time	Chemical engineering is a discipline that is of critical importance to the World economy. This postgraduate course in Chemical Process Engineering and Safety covers key areas that are relevant to chemical engineering in modern industrial settings including process integration, process control and safety, process design and computer-aided process engineering. The programme comprises four 30-credit taught modules and two 30-credit project modules with include a group Design Project and an individual Research. These complementary project modules will give a balanced and broad educational experience that will serve students well in their future employment.	September	UK fees: 
Please see the university website for further information on fees for this course.
 
International fees: 
Please see the university website for further information on fees for this course.	MSc	1 year full time	Huddersfield	On Campus	United Kingdom	https://www.findamasters.com/masters-degrees/course/chemical-process-engineering-and-safety-msc/?i314d1125c71261
