  M.Sc. DevOps and Cloud Computing	IU International University of Applied Sciences	IU International University of Applied Sciences	Full time	Get to the pinnacle of IT with a master’s in DevOps and Cloud Computing at IU International University of Applied Sciences.	September	Full time - £ 310/mth* 
* € 361 based on the exchange rate from 01.06.2023 09:05 AM (CEST) 
 
Part time - £ 233/mth* 
* € 271 based on the exchange rate from 01.06.2023 09:05 AM (CEST)	MSc	1 year full time, 2 years part time	Berlin	Online	Germany	https://www.findamasters.com/masters-degrees/course/m-sc-devops-and-cloud-computing/?i2526d7569c71278
