  Cardiac Ultrasound MSc/PGDip/PGCert	Middlesex University	Faculty of Science and Technology	Full time	Following the British Society of Echocardiography syllabus, this Cardiac Ultrasound course meets the practical, theoretical and technical demands of a specialised career in healthcare. Why study the MSc/PGDip/PGCert Cardiac Ultrasound at Middlesex University? Taught by industry recognised experts, this course provides a solid grounding in research methodologies, experimental design and statistics — delivering all the transferable skills required for a career executing specialist cardiac ultrasound procedures. Following the  British Society of Echocardiography  (BSE) syllabus, you will be equipped with the advanced theory and practice of cardiac ultrasound and signal processing.	October	UK students 
Full-time students: £9,600 
Part-time students: £64 per credit 
Part-time students: £32 per dissertation credit 
 
EU/International students 
Full-time students: £15,100 
Part-time students: £101 per credit 
Part-time students: £50 per dissertation credit	MSc PGDip PGCert	1 year full-time; 2 years part-time	London	On Campus	United Kingdom	https://www.findamasters.com/masters-degrees/course/cardiac-ultrasound-msc-pgdip-pgcert/?i166d5300c45687
