  Business Information Systems Management MSc	Middlesex University	Faculty of Science and Technology	Full time	Business information, and using it to increase profitability, is becoming an ever more essential part of running any organisation. This course will train you to design and develop information management systems and make the best use of them in the workplace – a highly sought-after skill in today's competitive market.	October, January	UK students 
Full-time students: £10,500 
Part-time students: £70 per credit 
Part-time students: £35 per dissertation credit 
 
EU/International students 
Full-time students: £15,700 
Part-time students: £101 per credit 
Part-time students: £50 per dissertation credit	MSc	1 year full-time; 2 years part-time	London	Online	United Kingdom	https://www.findamasters.com/masters-degrees/course/business-information-systems-management-msc/?i166d5300c30937
