  Business Psychology - MSc	University of Hertfordshire	Hertfordshire Business School	Full time	Why choose Herts? Industry Accreditation: Accredited by the Association of Business Psychologists. Teaching Excellence: You will be taught by industrial-experienced experts. Our tutors were awarded a Teaching Quality rating of ‘Excellent’ in our subject review. Industry Connections: Benefit from our strong connections with the National Health Service and enjoy networking opportunities. About the course The programme is designed for students who wish to acquire the skills and knowledge that will enable them to apply psychological principles within the business world. The course will appeal equally to those with a business or psychology background. Graduates are equipped for a variety of careers including human resource practitioners or careers in consultancy and business psychology.	See Course	UK Students 
Full time: £9750 for the 2022/2023 academic year 
Part time: £815 per 15 credits for the 2022/2023 academic year 
 
EU/International Students 
Full time: £15230 for the 2022/2023 academic year 
Part time: £1270 per 15 credits for the 2022/2023 academic year	MSc	1 year full time, 4 years part time	Hatfield	On Campus	United Kingdom	https://www.findamasters.com/masters-degrees/course/business-psychology-msc/?i313d3269c46666
