  Business Analytics and Big Data MSc	University of Liverpool	Liverpool Management School	Full time	The MSc Business Analytics and Big Data covers more than just the mining and analysis of data — it explores the wider application of big data to all business functions and the creation of new business models. INTRODUCTION Competitive advantage and innovation in the digital world involve the accurate analysis and insights offered by big data – huge data sets that are constantly being generated – in order to improve effectiveness and efficiencies across several business areas, such as operations management and marketing.	September	UK fees (applies to Channel Islands, Isle of Man and Republic of Ireland) 
Full-time place, per year - £14,000 
Part-time place, per year - £7,000 
 
International fees 
Full-time place, per year - £27,000 
Part-time place, per year - £13,500	MSc	1 year full time, 2 years part time	Liverpool	On Campus	United Kingdom	https://www.findamasters.com/masters-degrees/course/business-analytics-and-big-data-msc/?i326d923c40700
