  Civil Engineering	University of Hertfordshire	School of Physics, Engineering and Computer Science	Full time	Why choose Herts? Reputation: 2nd in the East of England (after Cambridge) for civil engineering (Complete University Guide 2023) and 6th in the UK for postgraduate student experience (Postgraduate Taught Experience Survey 2022) Facilities: Study at one of the largest engineering schools in the UK and in our brand-new School of Physics, Engineering and Computer Science building, opening in 2024 Industry connections: Benefit from our long-established links with the civil engineering profession – our courses are tailored to meet the needs of employers About the course The MSc Civil Engineering is designed for ambitious civil and structural engineering graduates and those with related degrees and professional experience looking to expand their technical expertise, skills and career opportunities.	September, January	UK Students 2023-2024 and 2024-2025 
Full time - £9900 
Part time - £825 per 15 credits 
Full time - £15450 
Part time - £1290 per 15 credits 
International Students 
Full time - £15450 
Part time £1290 per 15 credits	MSc	1 year full time	Hatfield	On Campus	United Kingdom	https://www.findamasters.com/masters-degrees/course/civil-engineering/?i313d64c71000
