  Civil Engineering - MSc	Cardiff University	Cardiff School of Engineering	Full time	Why study this course The development and progression of society is largely dependent upon the skill, imagination and dedication of its civil engineers. This established course offers the knowledge and expertise necessary for a career across a broad spectrum of the professional	September	For programme fees please visit our website: 
Full time - 
Please see the university website for further information on fees for this course.
 
Part time - 
Please see the university website for further information on fees for this course.	MSc	1 year full time, 3 years part time	Cardiff	On Campus	United Kingdom	https://www.findamasters.com/masters-degrees/course/civil-engineering-msc/?i33d4088c4575
